1,71%,10%,1%,2%,14%,2%,5.27%,15.02%,0.3510
2,18%,7%,61%,2%,11%,1%,6.08%,13.10%,0.4636
3,27%,13%,21%,11%,23%,5%,4.81%,8.01%,0.6008
4,7%,6%,20%,42%,24%,1%,4.18%,8.29%,0.5044
5,71%,24%,0%,2%,1%,2%,4.76%,15.09%,0.3154
6,2%,3%,12%,60%,16%,7%,3.45%,9.02%,0.3821
7,29%,10%,12%,18%,25%,6%,4.55%,7.38%,0.6164
8,47%,7%,20%,4%,22%,0%,5.53%,11.30%,0.4889
9,18%,16%,24%,9%,13%,20%,4.28%,6.91%,0.6187
10,0%,4%,62%,21%,3%,10%,5.28%,13.68%,0.3855
11,25%,52%,3%,7%,7%,6%,3.14%,6.20%,0.5053
12,19%,49%,22%,1%,9%,0%,3.89%,6.96%,0.5587
13,12%,51%,2%,0%,7%,28%,2.54%,4.02%,0.6312
14,14%,61%,12%,1%,3%,9%,2.95%,5.29%,0.5576
15,62%,25%,5%,1%,1%,6%,4.64%,13.43%,0.3456
16,9%,13%,48%,14%,1%,15%,4.80%,10.70%,0.4483
17,2%,14%,15%,43%,2%,24%,3.04%,7.29%,0.4162
18,78%,3%,1%,2%,4%,12%,5.29%,16.35%,0.3232
19,15%,10%,6%,41%,16%,12%,3.54%,6.02%,0.5875
20,22%,7%,27%,5%,3%,36%,4.31%,7.62%,0.5654
21,5%,1%,64%,2%,17%,11%,5.92%,12.90%,0.4585
22,27%,15%,2%,29%,4%,23%,3.37%,5.87%,0.5740
23,4%,2%,33%,24%,14%,23%,4.34%,8.58%,0.5059
24,9%,62%,4%,0%,15%,10%,2.70%,4.29%,0.6297
25,15%,7%,20%,55%,3%,0%,3.93%,9.44%,0.4165
26,25%,14%,5%,35%,12%,9%,3.72%,6.30%,0.5900
27,22%,62%,2%,13%,1%,0%,2.77%,5.81%,0.4757
28,10%,22%,21%,19%,7%,21%,3.65%,6.14%,0.5934
29,0%,0%,16%,45%,32%,7%,3.99%,8.41%,0.4741
30,25%,2%,15%,43%,8%,7%,4.20%,8.15%,0.5150
31,58%,12%,4%,23%,2%,1%,4.64%,11.81%,0.3924
32,12%,29%,41%,8%,3%,7%,4.52%,9.25%,0.4879
33,57%,13%,5%,6%,7%,12%,4.71%,12.08%,0.3896
34,54%,26%,4%,3%,10%,3%,4.55%,11.70%,0.3884
35,3%,0%,23%,38%,3%,33%,3.55%,8.06%,0.4405
36,18%,33%,2%,26%,13%,8%,3.18%,4.86%,0.6540
37,1%,57%,6%,11%,15%,10%,2.56%,3.81%,0.6725
38,2%,15%,60%,18%,0%,5%,5.10%,13.07%,0.3898
39,31%,19%,7%,30%,6%,7%,3.83%,7.16%,0.5341
40,35%,20%,17%,3%,11%,14%,4.50%,8.69%,0.5171
41,0%,3%,20%,42%,23%,12%,3.89%,8.37%,0.4640
42,48%,19%,2%,8%,1%,22%,4.00%,10.06%,0.3971
43,3%,60%,2%,8%,19%,8%,2.53%,3.78%,0.6701
44,44%,2%,30%,9%,1%,14%,5.33%,11.62%,0.4581
45,9%,17%,41%,12%,19%,2%,4.96%,9.42%,0.5260
46,32%,27%,0%,5%,3%,33%,3.26%,6.91%,0.4718
47,56%,20%,7%,1%,3%,13%,4.59%,12.20%,0.3758
48,26%,8%,33%,21%,1%,11%,4.79%,9.79%,0.4886
49,63%,4%,6%,4%,12%,11%,5.18%,13.38%,0.3871
50,54%,5%,2%,13%,16%,10%,4.78%,11.11%,0.4302
51,0%,1%,79%,17%,0%,3%,6.03%,16.65%,0.3622
52,20%,29%,13%,25%,7%,6%,3.64%,6.28%,0.5798
53,2%,0%,37%,23%,10%,28%,4.35%,9.16%,0.4741
54,6%,17%,21%,31%,10%,15%,3.66%,7.04%,0.5196
55,68%,7%,1%,0%,8%,16%,4.98%,14.40%,0.3455
56,17%,8%,46%,23%,5%,1%,5.21%,11.44%,0.4550
57,3%,2%,54%,18%,12%,11%,5.26%,12.00%,0.4382
58,21%,25%,15%,34%,2%,3%,3.70%,7.19%,0.5138
59,8%,27%,39%,1%,23%,2%,4.83%,8.48%,0.5697
60,30%,22%,24%,11%,12%,1%,4.71%,8.74%,0.5381
61,5%,5%,78%,5%,3%,4%,6.19%,15.71%,0.3940
62,44%,13%,2%,16%,14%,11%,4.30%,9.07%,0.4735
63,14%,37%,22%,14%,3%,10%,3.64%,6.49%,0.5605
64,24%,59%,7%,1%,2%,7%,3.08%,6.53%,0.4716
65,42%,6%,32%,20%,0%,0%,5.35%,11.80%,0.4534
66,0%,46%,9%,36%,3%,6%,2.49%,5.92%,0.4205
67,6%,77%,1%,7%,3%,6%,2.03%,4.23%,0.4799
68,15%,18%,10%,34%,4%,19%,3.30%,5.82%,0.5669
69,7%,3%,18%,34%,27%,11%,4.15%,7.27%,0.5705
70,6%,62%,10%,20%,1%,1%,2.56%,4.94%,0.5182
71,38%,3%,32%,6%,10%,11%,5.44%,10.89%,0.4992
72,2%,1%,48%,9%,13%,27%,4.91%,10.14%,0.4841
73,36%,5%,19%,8%,20%,12%,5.01%,9.08%,0.5510
74,22%,53%,3%,13%,7%,2%,3.04%,5.64%,0.5393
75,14%,16%,14%,35%,13%,8%,3.75%,6.58%,0.5688
76,16%,6%,18%,20%,34%,6%,4.63%,6.94%,0.6669
77,30%,17%,8%,9%,22%,14%,4.22%,7.07%,0.5966
78,7%,4%,22%,44%,20%,3%,4.18%,8.72%,0.4793
79,3%,3%,14%,69%,4%,7%,3.27%,10.21%,0.3203
80,5%,4%,31%,21%,39%,0%,5.01%,8.75%,0.5721
81,1%,7%,44%,9%,34%,5%,5.27%,9.85%,0.5350
82,9%,8%,9%,68%,3%,3%,3.20%,9.17%,0.3489
83,23%,21%,7%,24%,5%,20%,3.44%,5.70%,0.6031
84,10%,35%,12%,10%,29%,4%,3.75%,5.11%,0.7334
85,61%,4%,10%,18%,2%,5%,5.07%,12.82%,0.3955
86,12%,8%,8%,48%,20%,4%,3.68%,7.00%,0.5255
87,18%,34%,22%,16%,6%,4%,3.91%,7.01%,0.5578
88,61%,14%,16%,0%,6%,3%,5.35%,13.73%,0.3897
89,10%,17%,33%,25%,7%,8%,4.30%,8.78%,0.4898
90,59%,5%,25%,7%,2%,2%,5.68%,13.85%,0.4100
91,42%,13%,6%,28%,0%,11%,4.06%,8.85%,0.4584
92,20%,39%,1%,1%,33%,6%,3.65%,5.93%,0.6150
93,46%,12%,2%,6%,32%,2%,4.87%,10.14%,0.4805
94,26%,44%,28%,1%,0%,1%,4.23%,8.71%,0.4850
95,54%,35%,6%,3%,1%,1%,4.33%,11.88%,0.3644
96,8%,22%,4%,35%,23%,8%,3.28%,5.25%,0.6241
97,24%,11%,19%,7%,34%,5%,4.91%,7.60%,0.6459
98,4%,11%,22%,32%,2%,29%,3.43%,7.23%,0.4740
99,4%,10%,13%,42%,2%,29%,3.03%,6.81%,0.4447
100,45%,22%,1%,2%,15%,15%,4.20%,9.77%,0.4298
101,4%,31%,33%,14%,10%,8%,4.03%,7.76%,0.5188
102,3%,15%,41%,15%,5%,21%,4.32%,9.21%,0.4692
103,12%,78%,1%,8%,1%,0%,2.21%,4.90%,0.4510
104,36%,15%,41%,1%,7%,0%,5.63%,11.84%,0.4756
105,1%,0%,76%,5%,11%,7%,6.20%,15.23%,0.4067
106,1%,3%,20%,70%,0%,6%,3.38%,11.29%,0.2990
107,17%,26%,51%,4%,2%,0%,5.18%,11.29%,0.4587
108,28%,35%,23%,8%,2%,4%,4.20%,8.32%,0.5045
109,8%,29%,22%,24%,2%,15%,3.46%,6.64%,0.5201
110,9%,9%,32%,27%,20%,3%,4.65%,8.90%,0.5225
111,20%,54%,2%,3%,17%,4%,3.16%,5.61%,0.5621
112,35%,7%,52%,6%,0%,0%,6.00%,13.50%,0.4442
113,28%,28%,1%,14%,12%,17%,3.46%,6.07%,0.5696
114,5%,13%,47%,7%,10%,18%,4.82%,9.87%,0.4882
115,1%,8%,43%,29%,12%,7%,4.66%,10.84%,0.4296
116,1%,16%,6%,59%,17%,1%,3.07%,8.16%,0.3757
117,5%,22%,30%,12%,12%,19%,4.01%,7.05%,0.5684
118,3%,3%,12%,47%,21%,14%,3.57%,7.57%,0.4717
119,14%,20%,47%,0%,5%,14%,4.96%,10.06%,0.4929
120,34%,9%,42%,0%,8%,7%,5.66%,11.63%,0.4862
121,54%,12%,14%,5%,0%,15%,4.83%,12.00%,0.4020
122,11%,9%,71%,3%,2%,4%,6.02%,14.51%,0.4148
123,27%,5%,3%,57%,5%,3%,3.64%,7.73%,0.4707
124,0%,1%,65%,7%,23%,4%,5.97%,13.37%,0.4466
125,25%,28%,21%,12%,2%,12%,4.03%,7.55%,0.5335
126,37%,13%,9%,3%,22%,16%,4.54%,8.53%,0.5320
127,3%,10%,2%,47%,23%,15%,3.10%,6.33%,0.4890
128,44%,36%,3%,1%,4%,12%,3.86%,9.79%,0.3937
129,80%,6%,3%,1%,5%,5%,5.48%,16.91%,0.3238
130,12%,1%,31%,25%,24%,7%,4.87%,8.79%,0.5542
131,24%,44%,3%,0%,25%,4%,3.64%,6.45%,0.5642
132,40%,16%,9%,29%,3%,3%,4.21%,8.83%,0.4760
133,20%,49%,11%,0%,18%,2%,3.65%,6.10%,0.5977
134,21%,25%,43%,4%,2%,5%,4.95%,10.26%,0.4819
135,13%,10%,50%,8%,10%,9%,5.31%,10.97%,0.4840
136,6%,5%,26%,36%,24%,3%,4.42%,8.69%,0.5082
137,31%,37%,0%,1%,26%,5%,3.84%,7.51%,0.5112
138,14%,54%,19%,10%,2%,1%,3.35%,6.16%,0.5442
139,6%,1%,28%,49%,12%,4%,4.24%,10.14%,0.4182
140,42%,11%,3%,8%,11%,25%,4.15%,8.83%,0.4694
141,16%,45%,8%,11%,5%,15%,3.02%,4.82%,0.6265
142,11%,61%,12%,7%,2%,7%,2.83%,4.96%,0.5710
143,3%,2%,26%,39%,16%,14%,4.09%,8.82%,0.4633
144,0%,9%,37%,19%,3%,32%,3.99%,8.73%,0.4572
145,23%,18%,8%,21%,12%,18%,3.70%,5.76%,0.6410
146,12%,4%,61%,19%,0%,4%,5.61%,13.70%,0.4092
147,8%,34%,6%,20%,29%,3%,3.42%,4.74%,0.7210
148,26%,23%,26%,13%,8%,4%,4.53%,8.45%,0.5361
149,28%,7%,14%,45%,3%,3%,4.10%,8.43%,0.4863
150,3%,27%,20%,21%,26%,3%,3.87%,6.39%,0.6058
151,39%,59%,1%,0%,0%,1%,3.32%,9.23%,0.3592
152,18%,3%,66%,7%,5%,1%,6.19%,14.27%,0.4337
153,9%,8%,15%,47%,10%,11%,3.61%,7.72%,0.4670
154,25%,2%,18%,51%,4%,0%,4.27%,9.25%,0.4611
155,20%,34%,23%,3%,7%,13%,4.01%,6.98%,0.5734
156,5%,5%,20%,52%,15%,3%,3.89%,9.18%,0.4234
157,36%,19%,29%,11%,4%,1%,4.97%,10.31%,0.4822
158,50%,4%,7%,12%,24%,3%,5.11%,10.74%,0.4756
159,2%,1%,41%,30%,12%,14%,4.64%,10.57%,0.4383
160,11%,16%,44%,3%,4%,22%,4.70%,9.38%,0.5004
161,8%,21%,39%,3%,20%,9%,4.78%,8.47%,0.5643
162,34%,24%,2%,40%,0%,0%,3.54%,7.52%,0.4707
163,4%,14%,41%,31%,2%,8%,4.36%,10.60%,0.4108
164,22%,33%,7%,9%,5%,24%,3.26%,5.42%,0.6017
165,23%,34%,14%,8%,12%,9%,3.85%,6.43%,0.5985
166,5%,1%,44%,12%,2%,36%,4.52%,9.61%,0.4699
167,12%,4%,51%,12%,14%,7%,5.49%,11.38%,0.4824
168,51%,21%,8%,17%,1%,2%,4.45%,10.86%,0.4098
169,15%,10%,1%,48%,16%,10%,3.32%,6.04%,0.5494
170,42%,24%,3%,0%,30%,1%,4.61%,9.69%,0.4759
171,19%,9%,41%,4%,1%,26%,4.82%,9.59%,0.5020
172,14%,8%,45%,24%,7%,2%,5.10%,11.14%,0.4577
173,68%,7%,2%,1%,16%,6%,5.27%,14.45%,0.3647
174,19%,13%,17%,18%,1%,32%,3.67%,6.17%,0.5939
175,59%,14%,2%,0%,13%,12%,4.78%,12.66%,0.3775
176,13%,8%,4%,70%,0%,5%,3.03%,8.67%,0.3495
177,1%,21%,21%,20%,6%,31%,3.27%,5.90%,0.5537
178,5%,5%,17%,70%,0%,3%,3.38%,10.68%,0.3160
179,3%,5%,24%,36%,16%,16%,3.96%,8.15%,0.4850
180,8%,6%,64%,6%,15%,1%,5.97%,13.27%,0.4499
181,62%,4%,2%,3%,5%,24%,4.73%,13.00%,0.3634
182,35%,44%,3%,0%,15%,3%,3.78%,8.28%,0.4567
183,53%,15%,6%,5%,17%,4%,4.88%,11.46%,0.4260
184,33%,57%,8%,1%,1%,0%,3.47%,8.24%,0.4211
185,8%,24%,8%,34%,4%,22%,2.89%,5.23%,0.5528
186,1%,0%,6%,63%,18%,12%,3.20%,8.69%,0.3676
187,14%,43%,28%,1%,9%,5%,4.02%,7.06%,0.5696
188,28%,32%,9%,16%,11%,4%,3.82%,6.79%,0.5627
189,2%,3%,72%,1%,18%,4%,6.21%,14.28%,0.4350
190,10%,0%,51%,22%,4%,13%,5.18%,11.92%,0.4346
191,3%,58%,0%,5%,4%,30%,1.98%,3.09%,0.6400
192,7%,51%,33%,8%,1%,0%,3.75%,7.67%,0.4882
193,19%,41%,2%,26%,10%,2%,3.09%,5.10%,0.6051
194,39%,14%,11%,28%,5%,3%,4.33%,8.84%,0.4897
195,61%,17%,1%,2%,13%,6%,4.81%,13.00%,0.3696
196,37%,34%,5%,2%,7%,15%,3.78%,8.39%,0.4507
197,11%,7%,11%,32%,12%,27%,3.48%,5.61%,0.6196
198,38%,27%,6%,21%,4%,4%,3.91%,8.23%,0.4751
199,11%,0%,41%,14%,9%,25%,4.83%,9.50%,0.5082
200,5%,9%,43%,8%,34%,1%,5.37%,9.72%,0.5517
201,43%,42%,13%,1%,0%,1%,4.17%,10.22%,0.4074
202,5%,88%,2%,3%,2%,0%,1.94%,4.69%,0.4122
203,23%,6%,54%,12%,1%,4%,5.68%,12.73%,0.4461
204,20%,10%,36%,26%,5%,3%,4.83%,10.04%,0.4811
205,5%,14%,4%,38%,14%,25%,2.94%,5.20%,0.5655
206,72%,4%,0%,1%,11%,12%,5.20%,15.15%,0.3428
207,4%,9%,42%,13%,28%,4%,5.12%,9.66%,0.5298
208,28%,20%,9%,31%,7%,5%,3.84%,7.00%,0.5476
209,48%,31%,12%,3%,6%,0%,4.56%,10.95%,0.4166
210,13%,1%,39%,28%,5%,14%,4.76%,10.26%,0.4635
211,38%,12%,10%,17%,22%,1%,4.71%,8.66%,0.5435
212,28%,2%,20%,21%,21%,8%,4.85%,8.20%,0.5910
213,15%,6%,37%,6%,13%,23%,4.84%,8.64%,0.5601
214,13%,14%,21%,39%,7%,6%,3.91%,7.98%,0.4891
215,41%,2%,10%,23%,19%,5%,4.82%,9.09%,0.5297
216,18%,15%,42%,1%,7%,17%,4.96%,9.59%,0.5174
217,8%,7%,33%,24%,8%,20%,4.30%,8.60%,0.4993
218,32%,4%,24%,5%,6%,29%,4.67%,8.76%,0.5323
219,6%,12%,24%,21%,2%,35%,3.55%,6.57%,0.5399
220,2%,12%,57%,14%,7%,8%,5.15%,12.19%,0.4223
221,10%,27%,62%,0%,1%,0%,5.40%,12.59%,0.4284
222,43%,7%,19%,9%,19%,3%,5.25%,10.36%,0.5069
223,-1%,34%,12%,47%,5%,3%,2.78%,7.52%,0.3690
224,45%,3%,26%,22%,3%,1%,5.29%,11.49%,0.4600
225,28%,8%,7%,19%,3%,35%,3.62%,6.21%,0.5818
226,25%,2%,43%,21%,0%,9%,5.25%,11.42%,0.4593
227,20%,1%,34%,21%,18%,6%,5.14%,9.49%,0.5418
228,23%,5%,23%,22%,24%,3%,4.88%,8.16%,0.5977
229,3%,75%,5%,8%,8%,1%,2.28%,4.20%,0.5412
230,46%,43%,0%,1%,8%,2%,3.87%,10.27%,0.3770
231,47%,23%,12%,14%,1%,3%,4.47%,10.44%,0.4278
232,35%,5%,5%,31%,23%,1%,4.47%,7.82%,0.5717
233,19%,3%,37%,10%,30%,1%,5.55%,9.62%,0.5767
234,0%,61%,6%,5%,28%,0%,2.86%,4.36%,0.6560
235,7%,53%,2%,4%,26%,8%,2.92%,4.16%,0.7009
236,23%,9%,25%,10%,23%,10%,4.87%,7.95%,0.6123
237,8%,4%,74%,8%,6%,0%,6.22%,15.27%,0.4074
238,10%,51%,1%,4%,25%,9%,2.97%,4.32%,0.6869
239,8%,7%,33%,14%,22%,16%,4.67%,8.07%,0.5781
240,0%,2%,20%,42%,36%,0%,4.28%,8.82%,0.4852
241,63%,9%,3%,10%,0%,15%,4.68%,13.04%,0.3585
242,40%,16%,14%,28%,0%,2%,4.36%,9.37%,0.4654
243,4%,18%,31%,35%,10%,2%,4.10%,9.20%,0.4452
244,24%,39%,1%,21%,12%,3%,3.28%,5.61%,0.5845
245,34%,54%,1%,10%,1%,0%,3.22%,7.78%,0.4138
246,3%,9%,46%,16%,7%,19%,4.67%,10.26%,0.4549
247,13%,26%,17%,7%,9%,28%,3.55%,5.13%,0.6913
248,43%,19%,11%,12%,4%,11%,4.36%,9.54%,0.4565
249,2%,20%,23%,30%,5%,20%,3.43%,7.23%,0.4743
250,5%,4%,76%,6%,2%,7%,6.07%,15.39%,0.3945
251,33%,22%,28%,3%,2%,12%,4.69%,9.58%,0.4889
252,3%,64%,2%,7%,22%,2%,2.60%,4.07%,0.6376
253,74%,2%,6%,18%,0%,0%,5.34%,15.19%,0.3516
254,55%,29%,1%,4%,9%,2%,4.40%,11.80%,0.3725
255,71%,9%,6%,1%,1%,12%,5.13%,15.16%,0.3384
256,1%,2%,25%,57%,4%,11%,3.69%,10.56%,0.3491
257,18%,52%,6%,4%,16%,4%,3.26%,5.37%,0.6075
258,42%,21%,4%,2%,1%,30%,3.82%,9.13%,0.4177
259,8%,5%,35%,23%,0%,29%,4.16%,8.86%,0.4696
260,6%,54%,25%,11%,3%,1%,3.37%,6.45%,0.5218
261,48%,5%,10%,11%,4%,22%,4.57%,10.32%,0.4429
262,35%,14%,17%,19%,3%,12%,4.37%,8.66%,0.5041
263,7%,18%,28%,10%,35%,2%,4.69%,7.39%,0.6347
264,18%,19%,11%,20%,26%,6%,4.06%,5.88%,0.6891
265,10%,24%,22%,12%,3%,29%,3.53%,5.82%,0.6065
266,2%,64%,10%,5%,18%,1%,2.83%,4.33%,0.6527
267,12%,11%,67%,9%,0%,1%,5.82%,14.18%,0.4106
268,7%,5%,57%,25%,6%,0%,5.41%,13.20%,0.4098
269,2%,50%,20%,7%,4%,17%,2.99%,5.05%,0.5910
270,20%,45%,0%,0%,34%,1%,3.60%,6.15%,0.5849
271,48%,2%,11%,11%,19%,9%,5.09%,10.53%,0.4828
272,7%,40%,17%,16%,15%,5%,3.46%,5.43%,0.6372
273,6%,5%,50%,19%,14%,6%,5.23%,11.41%,0.4582
274,10%,24%,36%,7%,10%,13%,4.42%,8.13%,0.5431
275,50%,40%,5%,0%,3%,2%,4.14%,11.21%,0.3693
276,30%,13%,11%,32%,3%,11%,3.94%,7.50%,0.5243
277,2%,64%,5%,5%,7%,17%,2.25%,3.56%,0.6300
278,12%,1%,60%,2%,2%,23%,5.55%,12.41%,0.4469
279,13%,36%,24%,20%,2%,5%,3.70%,7.09%,0.5221
280,3%,41%,9%,11%,12%,24%,2.78%,3.60%,0.7716
281,26%,20%,36%,9%,1%,8%,4.82%,9.84%,0.4894
282,5%,53%,13%,4%,12%,13%,2.97%,4.25%,0.6969
283,44%,4%,7%,13%,12%,20%,4.52%,9.32%,0.4845
284,5%,23%,30%,40%,2%,0%,3.85%,9.49%,0.4053
285,27%,5%,10%,23%,3%,32%,3.76%,6.48%,0.5802
286,16%,27%,3%,17%,12%,25%,3.10%,4.15%,0.7462
287,2%,7%,44%,12%,12%,23%,4.67%,9.58%,0.4869
288,0%,6%,17%,60%,14%,3%,3.54%,9.79%,0.3618
289,12%,12%,3%,38%,9%,26%,3.03%,5.02%,0.6033
290,21%,21%,16%,14%,7%,21%,3.82%,6.24%,0.6114
291,44%,23%,19%,12%,2%,0%,4.72%,10.54%,0.4475
292,0%,2%,53%,11%,31%,3%,5.63%,11.56%,0.4866
293,3%,6%,10%,53%,23%,5%,3.55%,8.03%,0.4416
294,3%,8%,5%,50%,26%,8%,3.36%,7.13%,0.4711
295,9%,34%,6%,11%,3%,37%,2.64%,3.31%,0.7952
296,5%,5%,33%,17%,36%,4%,4.99%,8.65%,0.5766
297,8%,9%,43%,39%,1%,0%,4.65%,11.78%,0.3948
298,65%,30%,0%,0%,2%,3%,4.51%,14.01%,0.3220
299,20%,1%,28%,19%,5%,27%,4.44%,8.15%,0.5451
300,2%,60%,6%,25%,2%,5%,2.27%,4.69%,0.4832
301,11%,5%,9%,57%,18%,0%,3.69%,8.06%,0.4577
302,21%,31%,9%,2%,11%,26%,3.48%,5.50%,0.6322
303,2%,0%,67%,1%,6%,24%,5.62%,13.21%,0.4251
304,3%,6%,64%,3%,5%,19%,5.46%,12.78%,0.4268
305,9%,34%,16%,25%,4%,12%,3.24%,5.81%,0.5571
306,18%,46%,2%,1%,24%,9%,3.32%,5.36%,0.6186
307,55%,15%,1%,19%,8%,2%,4.51%,11.15%,0.4045
308,8%,3%,48%,15%,21%,5%,5.41%,10.92%,0.4955
309,26%,7%,22%,6%,23%,16%,4.83%,7.84%,0.6154
310,27%,46%,1%,0%,5%,21%,3.05%,6.55%,0.4658
311,13%,40%,5%,3%,30%,9%,3.49%,4.86%,0.7170
312,1%,16%,6%,50%,22%,5%,3.17%,7.22%,0.4392
313,28%,19%,22%,10%,8%,13%,4.42%,8.05%,0.5487
314,49%,1%,13%,5%,18%,14%,5.17%,10.96%,0.4717
315,9%,36%,6%,32%,6%,11%,2.82%,4.95%,0.5696
316,21%,36%,13%,1%,17%,12%,3.83%,6.12%,0.6253
317,3%,86%,7%,4%,0%,0%,2.06%,4.67%,0.4413
318,3%,33%,16%,18%,16%,14%,3.33%,5.18%,0.6420
319,2%,37%,29%,10%,13%,9%,3.79%,6.75%,0.5605
320,1%,38%,15%,17%,23%,6%,3.38%,5.24%,0.6437
321,3%,76%,14%,6%,1%,0%,2.50%,4.96%,0.5044
322,32%,1%,31%,6%,10%,20%,5.16%,9.77%,0.5276
323,1%,58%,11%,1%,4%,25%,2.43%,3.64%,0.6665
324,-1%,0%,37%,24%,6%,34%,4.11%,9.22%,0.4455
325,14%,13%,39%,4%,21%,9%,5.10%,8.99%,0.5670
326,3%,20%,36%,3%,26%,12%,4.62%,7.81%,0.5912
327,11%,2%,4%,45%,30%,8%,3.76%,6.51%,0.5769
328,4%,20%,9%,38%,18%,11%,3.24%,6.04%,0.5368
329,1%,11%,34%,41%,9%,4%,4.16%,10.34%,0.4022
330,18%,24%,27%,9%,1%,21%,4.03%,7.36%,0.5466
331,4%,10%,60%,13%,1%,12%,5.21%,12.74%,0.4087
332,26%,5%,25%,5%,26%,13%,5.07%,8.31%,0.6100
333,2%,0%,50%,32%,0%,16%,4.74%,12.39%,0.3827
334,2%,4%,11%,69%,13%,1%,3.35%,9.91%,0.3375
335,41%,18%,11%,1%,5%,24%,4.26%,9.33%,0.4563
336,2%,35%,27%,7%,23%,6%,3.98%,6.44%,0.6183
337,41%,31%,7%,21%,0%,0%,3.94%,8.94%,0.4407
338,3%,16%,45%,12%,18%,6%,4.89%,9.89%,0.4943
339,43%,11%,2%,14%,2%,28%,3.90%,8.78%,0.4438
340,0%,4%,17%,64%,7%,8%,3.36%,10.19%,0.3296
341,13%,2%,24%,38%,11%,12%,4.23%,8.44%,0.5013
342,12%,5%,28%,19%,27%,9%,4.76%,7.91%,0.6020
343,6%,4%,35%,15%,36%,4%,5.13%,8.89%,0.5765
344,16%,6%,39%,29%,2%,8%,4.77%,10.50%,0.4539
345,27%,4%,9%,46%,3%,11%,3.83%,7.65%,0.5007
346,10%,3%,17%,47%,3%,20%,3.56%,8.00%,0.4451
347,6%,9%,43%,27%,9%,6%,4.75%,10.69%,0.4443
348,18%,43%,6%,8%,16%,9%,3.33%,5.09%,0.6528
349,10%,4%,46%,6%,29%,5%,5.58%,10.25%,0.5446
350,7%,2%,4%,85%,1%,1%,2.93%,10.65%,0.2746
351,4%,31%,14%,12%,32%,7%,3.73%,5.18%,0.7189
352,6%,19%,8%,34%,20%,13%,3.32%,5.51%,0.6011
353,42%,25%,0%,0%,17%,16%,4.07%,9.29%,0.4374
354,30%,21%,19%,2%,26%,2%,4.84%,8.33%,0.5802
355,28%,16%,18%,3%,3%,32%,4.05%,7.39%,0.5474
356,46%,28%,3%,1%,10%,12%,4.16%,10.11%,0.4109
357,37%,31%,6%,16%,6%,4%,3.89%,8.12%,0.4785
358,22%,32%,7%,1%,5%,33%,3.23%,5.49%,0.5880
359,21%,14%,33%,14%,2%,16%,4.55%,8.89%,0.5116
360,57%,16%,1%,5%,9%,12%,4.55%,12.00%,0.3788
361,7%,4%,29%,34%,18%,8%,4.42%,8.89%,0.4971
362,46%,7%,14%,17%,7%,9%,4.80%,10.26%,0.4677
363,29%,29%,10%,2%,15%,15%,3.98%,7.13%,0.5574
364,2%,1%,24%,51%,20%,2%,4.13%,9.88%,0.4181
365,7%,21%,30%,12%,4%,26%,3.86%,7.06%,0.5460
366,19%,16%,35%,16%,13%,1%,4.90%,9.24%,0.5301
367,46%,6%,1%,36%,7%,4%,4.25%,9.21%,0.4613
368,39%,18%,5%,20%,16%,2%,4.30%,8.35%,0.5147
369,14%,38%,12%,27%,1%,8%,3.14%,5.73%,0.5472
370,15%,21%,1%,36%,3%,24%,2.82%,4.76%,0.5915
371,29%,33%,2%,2%,29%,5%,3.98%,7.19%,0.5530
372,35%,17%,8%,21%,2%,17%,3.88%,7.71%,0.5034
373,4%,4%,53%,7%,24%,8%,5.55%,11.20%,0.4950
374,41%,5%,20%,4%,26%,4%,5.42%,10.25%,0.5284
375,50%,9%,3%,2%,23%,13%,4.81%,10.85%,0.4428
376,34%,26%,1%,33%,5%,1%,3.60%,7.23%,0.4972
377,0%,44%,7%,24%,24%,1%,2.97%,4.94%,0.6007
378,14%,0%,43%,14%,24%,5%,5.50%,10.32%,0.5330
379,11%,30%,25%,1%,20%,13%,4.15%,6.27%,0.6606
380,34%,13%,10%,8%,1%,34%,3.87%,7.64%,0.5056
381,47%,3%,9%,9%,25%,7%,5.11%,10.35%,0.4935
382,4%,4%,70%,19%,2%,1%,5.80%,15.14%,0.3828
383,46%,14%,7%,0%,2%,31%,4.18%,10.09%,0.4144
384,33%,3%,30%,23%,7%,4%,5.13%,10.29%,0.4988
385,58%,8%,16%,11%,6%,1%,5.32%,12.83%,0.4142
386,37%,4%,8%,37%,10%,4%,4.35%,8.40%,0.5173
387,6%,10%,34%,23%,8%,19%,4.25%,8.64%,0.4913
388,14%,8%,38%,20%,14%,6%,4.94%,9.61%,0.5138
389,26%,16%,28%,8%,4%,18%,4.52%,8.51%,0.5312
390,2%,27%,53%,11%,2%,5%,4.71%,11.20%,0.4206
391,70%,12%,0%,12%,0%,6%,4.80%,14.35%,0.3346
392,35%,20%,5%,3%,26%,11%,4.35%,8.11%,0.5358
393,2%,0%,37%,26%,8%,27%,4.30%,9.42%,0.4565
394,17%,15%,40%,8%,7%,13%,4.86%,9.45%,0.5140
395,12%,17%,53%,8%,10%,0%,5.39%,11.49%,0.4688
396,29%,14%,5%,14%,35%,3%,4.46%,7.13%,0.6256
397,22%,20%,22%,1%,2%,33%,3.95%,6.90%,0.5717
398,28%,15%,17%,31%,5%,4%,4.20%,8.05%,0.5217
399,65%,15%,3%,14%,2%,1%,4.81%,13.41%,0.3584
400,27%,25%,12%,26%,10%,0%,3.99%,7.12%,0.5593
401,51%,1%,6%,4%,37%,1%,5.47%,11.41%,0.4788
402,35%,20%,8%,4%,16%,17%,4.20%,8.00%,0.5249
403,18%,7%,12%,36%,18%,9%,4.01%,6.70%,0.5976
404,8%,22%,41%,26%,2%,1%,4.45%,10.27%,0.4332
405,33%,24%,32%,9%,0%,2%,4.85%,10.26%,0.4723
406,2%,66%,8%,8%,12%,4%,2.55%,4.11%,0.6197
407,17%,44%,0%,26%,1%,12%,2.62%,4.63%,0.5663
408,16%,5%,25%,17%,2%,35%,4.01%,7.09%,0.5655
409,3%,2%,77%,7%,10%,1%,6.30%,15.62%,0.4031
410,15%,83%,1%,1%,0%,0%,2.24%,5.64%,0.3972
411,52%,7%,2%,2%,34%,3%,5.18%,11.48%,0.4508
412,37%,41%,4%,0%,12%,6%,3.84%,8.60%,0.4458
413,70%,0%,0%,21%,4%,5%,5.03%,13.97%,0.3598
414,4%,10%,49%,31%,5%,1%,4.87%,12.11%,0.4016
415,24%,44%,2%,1%,9%,20%,3.12%,5.95%,0.5238
416,19%,26%,23%,9%,8%,15%,4.07%,6.91%,0.5884
417,20%,24%,15%,1%,2%,38%,3.50%,5.71%,0.6119
418,32%,43%,0%,7%,6%,12%,3.28%,7.19%,0.4562
419,7%,36%,23%,22%,4%,8%,3.48%,6.69%,0.5202
420,13%,12%,9%,29%,30%,7%,3.96%,5.84%,0.6769
421,1%,0%,90%,5%,1%,3%,6.60%,17.92%,0.3680
422,4%,20%,30%,12%,6%,28%,3.80%,6.93%,0.5485
423,0%,7%,51%,13%,19%,10%,5.15%,11.06%,0.4656
424,0%,3%,65%,14%,15%,3%,5.76%,13.78%,0.4177
425,23%,11%,25%,4%,21%,16%,4.77%,7.74%,0.6156
426,62%,11%,0%,0%,10%,17%,4.73%,13.17%,0.3587
427,41%,2%,5%,13%,1%,38%,3.98%,8.48%,0.4686
428,20%,58%,5%,9%,5%,3%,2.96%,5.57%,0.5304
429,1%,0%,78%,11%,6%,4%,6.18%,16.03%,0.3852
430,71%,12%,0%,5%,11%,1%,5.14%,14.86%,0.3456
431,6%,1%,6%,56%,6%,25%,3.00%,7.43%,0.4031
432,4%,1%,21%,47%,11%,16%,3.77%,8.75%,0.4308
433,10%,19%,14%,53%,3%,1%,3.36%,8.19%,0.4101
434,9%,18%,4%,35%,17%,17%,3.16%,5.00%,0.6310
435,0%,0%,70%,14%,1%,15%,5.60%,14.67%,0.3816
436,29%,16%,44%,7%,0%,4%,5.32%,11.46%,0.4639
437,29%,31%,6%,4%,17%,13%,3.84%,6.89%,0.5563
438,5%,33%,31%,24%,4%,3%,3.83%,8.21%,0.4660
439,1%,1%,50%,11%,5%,32%,4.74%,10.59%,0.4476
440,14%,8%,34%,42%,1%,1%,4.46%,10.58%,0.4217
441,29%,21%,11%,31%,2%,6%,3.82%,7.39%,0.5169
442,50%,12%,7%,21%,3%,7%,4.49%,10.45%,0.4294
443,0%,8%,35%,24%,3%,30%,3.92%,8.81%,0.4449
444,25%,51%,3%,6%,7%,8%,3.14%,6.20%,0.5059
445,42%,1%,33%,1%,14%,9%,5.75%,11.68%,0.4922
446,9%,63%,3%,4%,8%,13%,2.46%,4.05%,0.6057
447,8%,20%,42%,14%,10%,6%,4.69%,9.57%,0.4902
448,5%,69%,13%,2%,1%,10%,2.55%,4.59%,0.5546
449,3%,75%,8%,7%,3%,4%,2.27%,4.34%,0.5233
450,8%,4%,49%,6%,15%,18%,5.23%,10.39%,0.5032
451,30%,5%,25%,4%,27%,9%,5.26%,8.95%,0.5874
452,4%,42%,2%,18%,23%,11%,2.83%,3.88%,0.7297
453,21%,19%,16%,33%,10%,1%,4.01%,7.28%,0.5505
454,46%,14%,12%,17%,1%,10%,4.49%,10.12%,0.4432
455,25%,18%,20%,5%,32%,0%,4.90%,7.83%,0.6256
456,4%,23%,42%,6%,7%,18%,4.39%,8.80%,0.4981
457,13%,19%,12%,29%,27%,0%,3.98%,6.17%,0.6448
458,20%,23%,6%,24%,5%,22%,3.26%,5.16%,0.6306
459,3%,90%,1%,2%,1%,3%,1.76%,4.64%,0.3796
460,25%,55%,2%,5%,0%,13%,2.85%,6.25%,0.4559
461,57%,16%,0%,18%,5%,4%,4.44%,11.53%,0.3851
462,5%,25%,25%,12%,6%,27%,3.57%,6.07%,0.5875
463,52%,43%,2%,2%,0%,1%,3.98%,11.48%,0.3461
464,3%,0%,28%,57%,7%,5%,4.02%,11.01%,0.3646
465,3%,57%,2%,17%,21%,0%,2.65%,4.13%,0.6412
466,2%,30%,35%,13%,17%,3%,4.26%,8.10%,0.5252
467,57%,34%,2%,2%,3%,2%,4.31%,12.37%,0.3483
468,22%,16%,24%,10%,4%,24%,4.17%,7.38%,0.5654
469,8%,16%,59%,6%,7%,4%,5.43%,12.25%,0.4434
470,2%,6%,71%,7%,5%,9%,5.79%,14.39%,0.4021
471,15%,18%,38%,13%,15%,1%,4.93%,9.29%,0.5304
472,9%,12%,56%,18%,1%,4%,5.22%,12.52%,0.4168
473,24%,49%,5%,11%,3%,8%,3.11%,5.99%,0.5195
474,21%,22%,3%,46%,3%,5%,3.20%,6.38%,0.5017
475,13%,4%,23%,33%,17%,10%,4.33%,7.91%,0.5466
476,4%,65%,1%,2%,10%,18%,2.20%,3.63%,0.6052
477,2%,34%,49%,4%,1%,10%,4.41%,9.96%,0.4427
478,1%,5%,7%,67%,8%,12%,2.94%,9.14%,0.3216
479,46%,0%,26%,12%,1%,15%,5.23%,11.49%,0.4551
480,1%,1%,3%,58%,12%,25%,2.84%,7.61%,0.3725
481,13%,46%,7%,8%,4%,22%,2.80%,4.23%,0.6613
482,10%,31%,8%,42%,6%,3%,3.04%,6.20%,0.4895
483,12%,17%,42%,4%,1%,24%,4.55%,9.14%,0.4973
484,5%,48%,28%,6%,3%,10%,3.48%,6.49%,0.5366
485,7%,4%,30%,39%,10%,10%,4.26%,9.43%,0.4510
486,53%,9%,6%,1%,5%,26%,4.53%,11.41%,0.3970
487,83%,14%,0%,0%,0%,3%,5.25%,17.57%,0.2987
488,18%,28%,14%,1%,15%,24%,3.74%,5.51%,0.6779
489,41%,10%,43%,3%,2%,1%,5.82%,12.90%,0.4509
490,27%,4%,58%,0%,5%,6%,6.11%,13.33%,0.4585
491,8%,5%,13%,45%,29%,0%,4.04%,7.68%,0.5263
492,18%,10%,33%,25%,12%,2%,4.81%,9.32%,0.5153
493,3%,23%,59%,7%,6%,2%,5.17%,12.10%,0.4272
494,37%,26%,5%,29%,1%,2%,3.78%,8.02%,0.4706
495,12%,60%,3%,5%,1%,19%,2.39%,4.25%,0.5608
496,28%,3%,24%,21%,23%,1%,5.10%,8.85%,0.5764
497,61%,27%,1%,2%,6%,3%,4.55%,13.08%,0.3474
498,25%,49%,2%,0%,5%,19%,3.01%,6.26%,0.4797
499,1%,19%,38%,38%,3%,1%,4.13%,10.72%,0.3848
500,51%,9%,6%,2%,27%,5%,5.12%,11.27%,0.4538
501,1%,4%,20%,72%,1%,2%,3.41%,11.52%,0.2959
502,15%,33%,20%,24%,4%,4%,3.68%,6.82%,0.5388
503,33%,0%,32%,21%,7%,7%,5.24%,10.51%,0.4983
504,7%,9%,37%,20%,26%,1%,4.97%,9.32%,0.5327
505,32%,24%,2%,24%,6%,12%,3.56%,6.76%,0.5263
506,28%,9%,17%,21%,5%,20%,4.18%,7.55%,0.5538
507,19%,3%,14%,38%,2%,24%,3.70%,7.02%,0.5263
508,20%,26%,25%,11%,4%,14%,4.10%,7.40%,0.5533
509,17%,26%,11%,19%,16%,11%,3.68%,5.44%,0.6760
510,6%,16%,36%,28%,1%,13%,4.13%,9.43%,0.4380
511,8%,1%,25%,47%,12%,7%,4.16%,9.41%,0.4421
512,6%,2%,49%,43%,0%,0%,4.90%,13.25%,0.3694
513,29%,10%,38%,12%,7%,4%,5.28%,10.63%,0.4966
514,45%,26%,3%,9%,13%,4%,4.26%,9.64%,0.4413
515,4%,1%,67%,4%,17%,7%,6.04%,13.57%,0.4447
516,15%,31%,5%,35%,4%,10%,2.99%,5.34%,0.5602
517,13%,18%,50%,11%,0%,8%,4.99%,11.13%,0.4478
518,24%,28%,24%,1%,12%,11%,4.39%,7.69%,0.5702
519,20%,49%,18%,7%,5%,1%,3.64%,6.65%,0.5477
520,0%,10%,19%,69%,1%,1%,3.28%,11.05%,0.2964
521,34%,26%,33%,7%,0%,0%,4.92%,10.54%,0.4664
522,22%,16%,4%,49%,7%,2%,3.46%,6.83%,0.5060
523,16%,19%,21%,42%,2%,0%,3.87%,8.40%,0.4599
524,2%,39%,46%,0%,2%,11%,4.25%,9.17%,0.4629
525,39%,16%,1%,19%,21%,4%,4.26%,8.17%,0.5211
526,4%,16%,24%,43%,13%,0%,3.89%,8.83%,0.4399
527,5%,26%,13%,23%,14%,19%,3.26%,5.04%,0.6456
528,3%,9%,6%,77%,4%,1%,2.88%,10.10%,0.2851
529,66%,2%,28%,1%,1%,2%,6.07%,15.56%,0.3899
530,12%,5%,11%,37%,6%,29%,3.37%,6.05%,0.5575
531,48%,20%,2%,13%,2%,15%,4.05%,9.94%,0.4071
532,19%,59%,2%,1%,1%,18%,2.60%,5.40%,0.4816
533,19%,23%,2%,37%,2%,17%,2.99%,5.34%,0.5597
534,18%,18%,5%,59%,0%,0%,3.18%,7.68%,0.4135
535,17%,24%,6%,34%,16%,3%,3.51%,5.68%,0.6185
536,13%,1%,24%,55%,0%,7%,3.99%,10.06%,0.3966
537,67%,1%,4%,3%,18%,7%,5.43%,14.20%,0.3824
538,5%,72%,8%,2%,6%,7%,2.43%,4.28%,0.5682
539,7%,16%,19%,23%,34%,1%,4.29%,6.78%,0.6317
540,2%,5%,61%,6%,24%,2%,5.86%,12.59%,0.4650
541,3%,31%,49%,8%,9%,0%,4.73%,10.30%,0.4588
542,7%,5%,56%,19%,6%,7%,5.33%,12.53%,0.4253
543,16%,34%,22%,19%,3%,6%,3.76%,6.94%,0.5414
544,31%,56%,4%,5%,3%,1%,3.28%,7.52%,0.4357
545,10%,39%,22%,28%,0%,1%,3.45%,7.19%,0.4791
546,18%,34%,20%,18%,3%,7%,3.73%,6.77%,0.5508
547,41%,19%,10%,29%,0%,1%,4.19%,9.15%,0.4581
548,31%,23%,5%,3%,34%,4%,4.41%,7.70%,0.5728
549,2%,25%,44%,0%,5%,24%,4.31%,8.70%,0.4946
550,30%,14%,11%,7%,12%,26%,4.08%,7.08%,0.5759
551,7%,19%,7%,38%,13%,16%,3.12%,5.59%,0.5569
552,7%,21%,46%,11%,4%,11%,4.65%,10.03%,0.4636
553,11%,25%,49%,0%,8%,7%,5.01%,10.23%,0.4893
554,12%,68%,4%,1%,13%,2%,2.74%,4.85%,0.5644
555,28%,19%,39%,4%,6%,4%,5.18%,10.44%,0.4955
556,17%,50%,4%,18%,9%,2%,2.99%,4.94%,0.6051
557,23%,5%,0%,36%,25%,11%,3.83%,5.86%,0.6526
558,0%,52%,3%,9%,31%,5%,2.87%,4.25%,0.6747
559,13%,1%,13%,46%,13%,14%,3.79%,7.41%,0.5110
560,1%,3%,10%,70%,12%,4%,3.24%,9.94%,0.3253
561,26%,23%,14%,0%,33%,4%,4.62%,7.45%,0.6196
562,28%,14%,48%,5%,2%,3%,5.54%,11.93%,0.4641
563,34%,38%,13%,5%,2%,8%,3.91%,8.31%,0.4697
564,6%,5%,14%,44%,23%,8%,3.83%,7.52%,0.5084
565,2%,55%,4%,0%,2%,37%,2.07%,2.97%,0.6949
566,16%,7%,54%,21%,2%,0%,5.47%,12.73%,0.4296
567,1%,22%,10%,49%,17%,1%,3.19%,7.50%,0.4246
568,18%,64%,9%,1%,6%,2%,3.04%,5.79%,0.5242
569,5%,15%,49%,5%,17%,9%,5.11%,10.22%,0.5001
570,2%,79%,9%,6%,3%,1%,2.26%,4.51%,0.5002
571,28%,3%,12%,35%,18%,4%,4.42%,7.66%,0.5770
572,26%,57%,2%,1%,6%,8%,3.04%,6.65%,0.4572
573,2%,4%,75%,7%,12%,0%,6.21%,15.21%,0.4080
574,3%,21%,24%,21%,26%,5%,4.10%,7.02%,0.5843
575,29%,8%,1%,48%,3%,11%,3.50%,6.99%,0.5006
576,6%,23%,38%,4%,23%,6%,4.74%,8.31%,0.5700
577,15%,39%,9%,7%,23%,7%,3.58%,5.06%,0.7069
578,58%,4%,9%,12%,16%,1%,5.29%,12.34%,0.4286
579,0%,3%,12%,83%,1%,1%,3.03%,11.80%,0.2569
580,1%,1%,6%,85%,6%,1%,2.94%,11.25%,0.2614
581,22%,15%,20%,21%,18%,4%,4.45%,7.41%,0.6002
582,26%,30%,25%,9%,7%,3%,4.40%,8.26%,0.5323
583,7%,28%,45%,2%,16%,2%,4.88%,9.42%,0.5179
584,11%,16%,48%,6%,17%,2%,5.30%,10.44%,0.5077
585,52%,23%,10%,12%,0%,3%,4.53%,11.30%,0.4004
586,1%,7%,55%,18%,7%,12%,5.06%,12.11%,0.4174
587,54%,5%,6%,17%,10%,8%,4.82%,11.19%,0.4308
588,5%,48%,30%,8%,6%,3%,3.68%,6.99%,0.5268
589,33%,25%,8%,19%,1%,14%,3.72%,7.42%,0.5010
590,0%,7%,59%,33%,0%,1%,5.08%,14.15%,0.3589
591,38%,5%,22%,6%,7%,22%,4.84%,9.60%,0.5038
592,5%,0%,45%,10%,1%,39%,4.53%,9.65%,0.4692
593,2%,64%,2%,2%,29%,1%,2.74%,4.40%,0.6229
594,46%,14%,13%,19%,5%,3%,4.67%,10.22%,0.4563
595,4%,10%,25%,31%,14%,16%,3.94%,7.78%,0.5059
596,33%,30%,9%,0%,21%,7%,4.25%,8.04%,0.5287
597,5%,30%,12%,15%,32%,6%,3.69%,5.13%,0.7184
598,5%,58%,3%,9%,12%,13%,2.47%,3.60%,0.6840
599,5%,11%,23%,27%,32%,2%,4.39%,7.61%,0.5770
600,18%,14%,29%,28%,6%,5%,4.42%,8.78%,0.5035
601,41%,3%,1%,34%,9%,12%,4.12%,8.26%,0.4983
602,5%,31%,7%,29%,25%,3%,3.29%,5.21%,0.6314
603,22%,12%,32%,2%,5%,27%,4.58%,8.38%,0.5467
604,18%,29%,24%,7%,14%,8%,4.23%,6.99%,0.6048
605,33%,50%,0%,5%,5%,7%,3.25%,7.61%,0.4263
606,34%,2%,22%,5%,11%,26%,4.81%,8.89%,0.5403
607,13%,8%,36%,24%,7%,12%,4.61%,9.40%,0.4906
608,22%,19%,5%,38%,14%,2%,3.65%,6.22%,0.5857
609,3%,1%,8%,73%,0%,15%,2.88%,9.88%,0.2916
610,35%,2%,12%,20%,12%,19%,4.45%,8.06%,0.5520
611,7%,21%,33%,7%,19%,13%,4.43%,7.52%,0.5894
612,10%,30%,0%,58%,0%,2%,2.54%,6.89%,0.3689
613,30%,68%,2%,0%,0%,0%,2.96%,7.74%,0.3825
614,4%,1%,13%,55%,24%,3%,3.80%,8.68%,0.4377
615,14%,14%,31%,3%,6%,32%,4.24%,7.28%,0.5819
616,0%,0%,39%,24%,30%,7%,4.97%,10.03%,0.4956
617,17%,27%,13%,41%,0%,2%,3.40%,7.12%,0.4776
618,3%,0%,12%,73%,11%,1%,3.42%,10.47%,0.3260
619,21%,46%,1%,1%,7%,24%,2.88%,5.37%,0.5350
620,9%,23%,27%,32%,6%,3%,3.94%,8.27%,0.4759
621,7%,52%,9%,11%,16%,5%,3.01%,4.32%,0.6962
622,22%,44%,18%,16%,0%,0%,3.64%,7.07%,0.5150
623,8%,10%,47%,11%,18%,6%,5.22%,10.39%,0.5018
624,15%,1%,22%,47%,1%,14%,3.96%,8.96%,0.4419
625,0%,0%,28%,55%,12%,5%,4.04%,10.92%,0.3696
626,1%,2%,10%,56%,13%,18%,3.20%,8.26%,0.3873
627,4%,0%,63%,31%,1%,1%,5.50%,14.79%,0.3716
628,44%,2%,23%,20%,11%,0%,5.33%,10.94%,0.4874
629,48%,2%,1%,18%,8%,23%,4.29%,9.60%,0.4466
630,44%,35%,13%,8%,0%,0%,4.28%,10.17%,0.4204
631,61%,20%,3%,1%,12%,3%,4.86%,13.13%,0.3697
632,6%,23%,12%,21%,35%,3%,3.88%,5.68%,0.6826
633,42%,12%,43%,0%,1%,2%,5.80%,13.02%,0.4453
634,57%,6%,0%,0%,13%,24%,4.64%,12.10%,0.3834
635,18%,27%,18%,5%,18%,14%,4.05%,6.13%,0.6609
636,5%,27%,40%,14%,6%,8%,4.32%,9.05%,0.4768
637,6%,14%,46%,7%,1%,26%,4.54%,9.68%,0.4685
638,0%,43%,28%,26%,0%,3%,3.32%,7.86%,0.4215
639,12%,39%,1%,37%,8%,3%,2.76%,5.01%,0.5513
640,3%,1%,15%,55%,13%,13%,3.53%,8.78%,0.4023
641,3%,1%,8%,54%,4%,30%,2.91%,7.56%,0.3842
642,7%,1%,68%,21%,1%,2%,5.81%,15.00%,0.3874
643,36%,23%,14%,8%,5%,14%,4.22%,8.54%,0.4937
644,5%,25%,6%,38%,15%,11%,3.02%,5.56%,0.5425
645,2%,6%,42%,27%,14%,9%,4.71%,10.50%,0.4482
646,53%,2%,21%,2%,22%,0%,5.83%,12.54%,0.4651
647,36%,26%,1%,0%,12%,25%,3.72%,8.03%,0.4635
648,15%,11%,10%,57%,3%,4%,3.42%,8.07%,0.4238
649,1%,19%,29%,44%,0%,7%,3.62%,9.75%,0.3709
650,21%,47%,4%,4%,5%,19%,2.98%,5.41%,0.5494
651,18%,9%,15%,40%,4%,14%,3.75%,7.31%,0.5125
652,30%,14%,39%,6%,8%,3%,5.35%,10.76%,0.4973
653,40%,25%,0%,6%,15%,14%,3.96%,8.61%,0.4594
654,22%,2%,56%,15%,1%,4%,5.78%,13.17%,0.4385
655,37%,0%,2%,22%,1%,38%,3.72%,7.39%,0.5031
656,6%,14%,59%,15%,2%,4%,5.26%,12.76%,0.4118
657,23%,25%,13%,5%,15%,19%,3.92%,6.21%,0.6312
658,29%,28%,8%,7%,14%,14%,3.88%,6.86%,0.5646
659,15%,15%,36%,20%,13%,1%,4.82%,9.32%,0.5165
660,25%,14%,24%,14%,9%,14%,4.47%,7.96%,0.5613
661,28%,15%,7%,14%,3%,33%,3.56%,6.23%,0.5706
662,14%,49%,13%,5%,9%,10%,3.26%,5.14%,0.6339
663,42%,25%,5%,0%,15%,13%,4.26%,9.43%,0.4514
664,5%,4%,38%,25%,6%,22%,4.39%,9.53%,0.4601
665,1%,2%,74%,13%,7%,3%,6.01%,15.40%,0.3899
666,35%,5%,16%,22%,19%,3%,4.86%,8.73%,0.5562
667,7%,62%,0%,4%,14%,13%,2.41%,3.86%,0.6246
668,31%,21%,5%,15%,20%,8%,4.06%,6.99%,0.5809
669,3%,19%,37%,8%,22%,11%,4.58%,8.20%,0.5582
670,20%,31%,16%,13%,3%,17%,3.60%,6.17%,0.5835
671,3%,72%,1%,8%,7%,9%,2.06%,3.85%,0.5351
672,2%,0%,34%,63%,0%,1%,4.10%,12.69%,0.3226
673,30%,11%,13%,6%,12%,28%,4.19%,7.24%,0.5778
674,17%,40%,41%,0%,0%,2%,4.53%,9.45%,0.4792
675,2%,2%,75%,13%,8%,0%,6.13%,15.62%,0.3920
676,8%,21%,4%,31%,5%,31%,2.72%,4.32%,0.6299
677,11%,4%,17%,44%,7%,17%,3.70%,7.72%,0.4792
678,14%,5%,63%,12%,1%,5%,5.78%,13.72%,0.4210
679,26%,5%,12%,17%,17%,23%,4.21%,6.60%,0.6382
680,1%,2%,41%,24%,7%,25%,4.41%,9.97%,0.4423
681,23%,49%,12%,1%,14%,1%,3.70%,6.59%,0.5613
682,46%,32%,1%,12%,8%,1%,4.03%,9.72%,0.4148
683,57%,4%,8%,7%,0%,24%,4.70%,12.09%,0.3882
684,1%,32%,32%,18%,13%,4%,3.96%,7.88%,0.5028
685,8%,30%,23%,23%,3%,13%,3.53%,6.75%,0.5223
686,29%,5%,12%,26%,4%,24%,3.99%,7.17%,0.5557
687,21%,1%,23%,35%,2%,18%,4.22%,8.44%,0.4997
688,2%,4%,25%,39%,6%,24%,3.69%,8.53%,0.4320
689,41%,15%,4%,2%,16%,22%,4.26%,8.98%,0.4736
690,1%,3%,64%,3%,14%,15%,5.66%,12.79%,0.4427
691,8%,3%,38%,19%,5%,27%,4.45%,9.12%,0.4881
692,5%,11%,53%,6%,21%,4%,5.46%,11.11%,0.4909
693,18%,32%,17%,4%,3%,26%,3.52%,5.80%,0.6073
694,4%,36%,21%,28%,1%,10%,3.20%,6.78%,0.4717
695,20%,35%,19%,8%,4%,14%,3.74%,6.52%,0.5729
696,18%,5%,28%,45%,3%,1%,4.41%,9.96%,0.4428
697,26%,24%,8%,5%,25%,12%,4.10%,6.58%,0.6223
698,11%,7%,58%,10%,1%,13%,5.39%,12.45%,0.4326
699,18%,10%,6%,42%,13%,11%,3.57%,6.23%,0.5734
700,0%,2%,70%,2%,11%,15%,5.83%,13.83%,0.4216
701,12%,30%,26%,28%,0%,4%,3.77%,7.91%,0.4768
702,6%,58%,13%,3%,17%,3%,3.13%,4.63%,0.6749
703,31%,32%,11%,7%,8%,11%,3.91%,7.47%,0.5225
704,11%,16%,49%,22%,2%,0%,4.98%,11.58%,0.4299
705,36%,8%,20%,6%,26%,4%,5.21%,9.36%,0.5565
706,7%,3%,31%,36%,20%,3%,4.60%,9.48%,0.4846
707,4%,30%,44%,16%,2%,4%,4.35%,9.93%,0.4381
708,18%,41%,2%,1%,27%,11%,3.43%,5.37%,0.6389
709,30%,9%,17%,23%,12%,9%,4.48%,8.00%,0.5600
710,4%,11%,45%,9%,17%,14%,4.91%,9.68%,0.5071
711,27%,13%,13%,13%,16%,18%,4.21%,6.84%,0.6151
712,15%,3%,16%,52%,7%,7%,3.86%,8.49%,0.4540
713,11%,1%,61%,5%,3%,19%,5.60%,12.71%,0.4405
714,2%,2%,25%,34%,21%,16%,4.12%,8.25%,0.4994
715,34%,1%,33%,17%,3%,12%,5.18%,10.64%,0.4871
716,3%,30%,18%,20%,18%,11%,3.51%,5.71%,0.6147
717,2%,39%,10%,12%,17%,20%,2.96%,3.91%,0.7552
718,8%,53%,0%,1%,7%,31%,2.27%,3.45%,0.6582
719,36%,14%,9%,8%,33%,0%,4.85%,8.62%,0.5628
720,25%,24%,5%,14%,2%,30%,3.26%,5.62%,0.5805
721,13%,10%,9%,43%,23%,2%,3.83%,6.76%,0.5655
722,15%,57%,2%,0%,1%,25%,2.45%,4.67%,0.5233
723,27%,13%,38%,0%,16%,6%,5.40%,10.11%,0.5339
724,6%,1%,76%,1%,4%,12%,6.16%,15.11%,0.4078
725,1%,5%,67%,2%,2%,23%,5.44%,13.22%,0.4110
726,7%,25%,26%,12%,1%,29%,3.55%,6.33%,0.5596
727,27%,39%,19%,4%,10%,1%,4.16%,7.73%,0.5378
728,9%,42%,19%,3%,4%,23%,3.24%,5.05%,0.6407
729,38%,18%,13%,29%,1%,1%,4.26%,8.96%,0.4750
730,11%,8%,54%,21%,4%,2%,5.33%,12.46%,0.4274
731,61%,5%,1%,3%,6%,24%,4.66%,12.77%,0.3648
732,16%,51%,14%,10%,4%,5%,3.26%,5.66%,0.5754
733,35%,16%,4%,7%,36%,2%,4.64%,8.28%,0.5597
734,9%,41%,8%,28%,4%,10%,2.82%,4.94%,0.5700
735,63%,4%,7%,18%,6%,2%,5.12%,13.03%,0.3930
736,39%,28%,9%,14%,3%,7%,4.03%,8.69%,0.4635
737,51%,15%,13%,19%,0%,2%,4.71%,11.18%,0.4211
738,50%,31%,3%,2%,13%,1%,4.40%,10.98%,0.4003
739,4%,56%,12%,9%,15%,4%,2.98%,4.46%,0.6668
740,2%,20%,10%,39%,6%,23%,2.86%,6.11%,0.4675
741,12%,9%,26%,23%,6%,24%,4.03%,7.41%,0.5442
742,13%,15%,37%,8%,9%,18%,4.61%,8.55%,0.5386
743,38%,38%,18%,2%,2%,2%,4.30%,9.57%,0.4494
744,48%,11%,3%,24%,10%,4%,4.44%,9.77%,0.4539
745,25%,44%,3%,5%,22%,1%,3.62%,6.38%,0.5664
746,13%,42%,24%,2%,18%,1%,4.06%,6.51%,0.6241
747,10%,4%,47%,2%,8%,29%,4.98%,9.82%,0.5072
748,8%,3%,82%,1%,2%,4%,6.47%,16.36%,0.3955
749,22%,37%,5%,8%,5%,23%,3.14%,5.35%,0.5863
750,33%,9%,43%,8%,4%,3%,5.59%,11.83%,0.4722
751,30%,12%,8%,25%,19%,6%,4.24%,7.10%,0.5963
752,0%,0%,39%,29%,11%,21%,4.43%,10.11%,0.4379
753,28%,20%,5%,15%,8%,24%,3.59%,6.16%,0.5816
754,62%,1%,15%,12%,8%,2%,5.53%,13.49%,0.4097
755,6%,26%,37%,3%,6%,22%,4.16%,7.78%,0.5342
756,30%,1%,17%,13%,22%,17%,4.77%,7.89%,0.6047
757,6%,6%,35%,53%,0%,0%,4.23%,11.70%,0.3610
758,26%,17%,19%,32%,3%,3%,4.16%,8.17%,0.5086
759,5%,38%,3%,18%,19%,17%,2.82%,3.68%,0.7672
760,1%,24%,6%,30%,24%,15%,3.09%,5.11%,0.6047
761,11%,6%,62%,1%,18%,2%,6.06%,12.79%,0.4734
762,22%,30%,9%,13%,7%,19%,3.46%,5.61%,0.6154
763,57%,9%,13%,11%,0%,10%,4.94%,12.39%,0.3988
764,15%,0%,44%,20%,15%,6%,5.35%,10.81%,0.4951
765,32%,21%,14%,0%,6%,27%,4.06%,7.83%,0.5176
766,38%,19%,20%,11%,7%,5%,4.69%,9.51%,0.4929
767,22%,5%,63%,1%,4%,5%,6.13%,13.75%,0.4459
768,22%,10%,37%,25%,6%,0%,4.99%,10.34%,0.4823
769,13%,30%,17%,8%,10%,22%,3.56%,5.25%,0.6785
770,7%,5%,62%,17%,1%,8%,5.47%,13.53%,0.4044
771,0%,17%,47%,23%,12%,1%,4.74%,11.04%,0.4295
772,15%,61%,6%,3%,8%,7%,2.85%,5.00%,0.5700
773,16%,47%,2%,8%,27%,0%,3.36%,5.10%,0.6577
774,18%,18%,40%,18%,4%,2%,4.84%,10.10%,0.4791
775,35%,13%,11%,23%,9%,9%,4.27%,8.06%,0.5298
776,13%,20%,22%,33%,4%,8%,3.81%,7.62%,0.4995
777,33%,40%,3%,8%,11%,5%,3.64%,7.48%,0.4866
778,40%,22%,11%,1%,18%,8%,4.59%,9.33%,0.4912
779,2%,18%,43%,20%,12%,5%,4.60%,10.04%,0.4580
780,33%,19%,15%,2%,18%,13%,4.53%,8.24%,0.5493
781,3%,14%,65%,10%,1%,7%,5.38%,13.45%,0.3999
782,34%,5%,22%,12%,9%,18%,4.77%,8.96%,0.5315
783,5%,14%,21%,39%,9%,12%,3.65%,7.84%,0.4651
784,57%,19%,6%,7%,5%,6%,4.67%,12.16%,0.3842
785,39%,40%,8%,0%,8%,5%,4.00%,9.13%,0.4382
786,3%,33%,29%,22%,6%,7%,3.70%,7.63%,0.4842
787,6%,69%,3%,1%,3%,18%,2.14%,3.93%,0.5440
788,32%,42%,3%,7%,10%,6%,3.56%,7.34%,0.4846
789,1%,4%,50%,32%,1%,12%,4.71%,12.37%,0.3807
790,3%,5%,25%,37%,15%,15%,3.98%,8.41%,0.4731
791,61%,2%,0%,1%,7%,29%,4.65%,12.81%,0.3627
792,16%,8%,28%,29%,12%,7%,4.51%,8.56%,0.5260
793,42%,0%,34%,17%,5%,2%,5.62%,11.99%,0.4684
794,34%,26%,4%,8%,15%,13%,3.92%,7.54%,0.5201
795,23%,42%,10%,13%,7%,5%,3.49%,6.14%,0.5677
796,32%,36%,12%,0%,1%,19%,3.73%,7.89%,0.4730
797,11%,51%,33%,3%,1%,1%,3.88%,7.73%,0.5019
798,29%,20%,1%,24%,24%,2%,3.95%,6.50%,0.6075
799,48%,45%,0%,0%,4%,3%,3.82%,10.74%,0.3553
800,78%,3%,3%,3%,2%,11%,5.33%,16.37%,0.3255
801,0%,17%,28%,20%,26%,9%,4.20%,7.58%,0.5531
802,12%,45%,3%,4%,34%,2%,3.45%,5.01%,0.6871
803,47%,5%,4%,10%,9%,25%,4.38%,9.77%,0.4477
804,7%,4%,32%,24%,19%,14%,4.55%,8.55%,0.5319
805,0%,35%,30%,6%,20%,9%,3.96%,6.74%,0.5871
806,24%,45%,5%,8%,13%,5%,3.42%,6.03%,0.5659
807,32%,10%,21%,15%,13%,9%,4.75%,8.65%,0.5488
808,11%,2%,17%,40%,19%,11%,4.05%,7.52%,0.5387
809,39%,13%,8%,3%,22%,15%,4.57%,8.86%,0.5156
810,10%,55%,22%,3%,4%,6%,3.36%,5.92%,0.5675
811,47%,3%,6%,43%,0%,1%,4.38%,9.97%,0.4393
812,35%,23%,12%,4%,13%,13%,4.30%,8.29%,0.5181
813,4%,1%,25%,40%,2%,28%,3.67%,8.60%,0.4261
814,24%,38%,3%,6%,22%,7%,3.61%,6.04%,0.5977
815,31%,1%,36%,24%,0%,8%,5.16%,11.02%,0.4676
816,6%,6%,7%,51%,23%,7%,3.51%,7.30%,0.4801
817,59%,4%,10%,20%,3%,4%,5.03%,12.40%,0.4057
818,1%,18%,13%,43%,17%,8%,3.33%,7.22%,0.4604
819,2%,6%,64%,25%,0%,3%,5.38%,14.42%,0.3727
820,3%,44%,22%,5%,10%,16%,3.33%,5.27%,0.6312
821,6%,6%,7%,43%,25%,13%,3.53%,6.48%,0.5439
822,1%,3%,42%,19%,11%,24%,4.55%,9.75%,0.4667
823,4%,9%,18%,30%,36%,3%,4.25%,7.26%,0.5847
824,6%,13%,50%,2%,18%,11%,5.23%,10.28%,0.5082
825,4%,5%,34%,57%,0%,0%,4.12%,11.98%,0.3440
826,45%,31%,22%,1%,0%,1%,4.75%,11.20%,0.4242
827,0%,1%,23%,76%,0%,0%,3.53%,12.51%,0.2818
828,4%,5%,10%,71%,5%,5%,3.14%,9.85%,0.3188
829,37%,26%,24%,12%,1%,0%,4.64%,9.89%,0.4691
830,19%,0%,15%,38%,13%,15%,4.09%,7.29%,0.5611
831,13%,14%,19%,24%,4%,26%,3.64%,6.31%,0.5772
832,30%,11%,9%,40%,2%,8%,3.86%,7.64%,0.5045
833,21%,14%,9%,49%,5%,2%,3.62%,7.43%,0.4869
834,30%,2%,57%,1%,2%,8%,6.11%,13.53%,0.4513
835,26%,19%,32%,14%,3%,6%,4.71%,9.37%,0.5021
836,7%,40%,29%,19%,1%,4%,3.66%,7.56%,0.4834
837,0%,42%,4%,43%,1%,10%,2.24%,6.03%,0.3708
838,2%,27%,26%,9%,21%,15%,3.92%,6.25%,0.6271
839,1%,16%,40%,43%,0%,0%,4.18%,11.58%,0.3604
840,0%,1%,81%,8%,1%,9%,6.12%,16.36%,0.3739
841,53%,2%,31%,12%,2%,0%,5.78%,13.37%,0.4325
842,15%,33%,11%,40%,1%,0%,3.22%,6.66%,0.4827
843,0%,2%,35%,27%,2%,34%,3.94%,9.11%,0.4320
844,21%,23%,8%,19%,26%,3%,4.00%,5.92%,0.6755
845,14%,36%,9%,9%,24%,8%,3.60%,4.94%,0.7277
846,6%,7%,55%,9%,22%,1%,5.66%,11.76%,0.4814
847,1%,33%,43%,11%,7%,5%,4.29%,9.31%,0.4610
848,22%,40%,5%,3%,22%,8%,3.61%,5.89%,0.6117
849,44%,32%,6%,11%,6%,1%,4.14%,9.58%,0.4314
850,10%,14%,39%,1%,3%,33%,4.38%,8.25%,0.5304
851,66%,5%,1%,7%,8%,13%,4.94%,13.67%,0.3613
852,7%,4%,45%,12%,23%,9%,5.26%,10.14%,0.5190
853,54%,21%,7%,7%,4%,7%,4.56%,11.61%,0.3927
854,48%,21%,0%,1%,2%,28%,3.88%,10.29%,0.3771
855,34%,27%,8%,1%,23%,7%,4.32%,8.15%,0.5301
856,4%,13%,54%,16%,12%,1%,5.24%,11.86%,0.4413
857,34%,24%,1%,6%,0%,35%,3.32%,7.27%,0.4570
858,52%,0%,17%,12%,14%,5%,5.41%,11.73%,0.4613
859,28%,17%,5%,28%,17%,5%,3.94%,6.55%,0.6007
860,15%,10%,34%,11%,25%,5%,5.06%,8.64%,0.5849
861,5%,0%,66%,19%,6%,4%,5.78%,14.41%,0.4008
862,7%,1%,18%,45%,10%,19%,3.70%,7.99%,0.4629
863,1%,72%,3%,1%,4%,19%,1.96%,3.69%,0.5292
864,15%,50%,13%,2%,13%,7%,3.40%,5.37%,0.6336
865,37%,16%,9%,12%,11%,15%,4.24%,8.22%,0.5159
866,13%,29%,15%,4%,16%,23%,3.63%,4.96%,0.7306
867,31%,0%,9%,37%,15%,8%,4.33%,7.68%,0.5628
868,12%,14%,26%,34%,7%,7%,4.09%,8.36%,0.4893
869,2%,3%,30%,36%,29%,0%,4.62%,9.52%,0.4845
870,36%,22%,8%,3%,15%,16%,4.20%,8.23%,0.5096
871,1%,0%,60%,18%,21%,0%,5.76%,13.24%,0.4351
872,42%,27%,8%,11%,2%,10%,4.06%,9.22%,0.4402
873,47%,17%,3%,6%,2%,25%,4.04%,9.94%,0.4061
874,11%,7%,14%,35%,16%,17%,3.76%,6.47%,0.5812
875,69%,15%,3%,7%,6%,0%,5.05%,14.47%,0.3489
876,55%,4%,6%,29%,4%,2%,4.75%,11.25%,0.4218
877,27%,6%,26%,10%,1%,30%,4.43%,8.33%,0.5318
878,0%,0%,6%,71%,1%,22%,2.69%,9.56%,0.2808
879,69%,3%,6%,2%,2%,18%,5.12%,14.64%,0.3493
880,35%,23%,2%,6%,24%,10%,4.14%,7.86%,0.5258
881,0%,6%,10%,71%,3%,10%,2.92%,10.05%,0.2901
882,65%,29%,1%,4%,0%,1%,4.53%,13.85%,0.3268
883,24%,13%,17%,42%,3%,1%,4.05%,8.30%,0.4871
884,51%,6%,8%,1%,19%,15%,4.99%,11.21%,0.4446
885,13%,3%,14%,41%,26%,3%,4.19%,7.41%,0.5654
886,17%,20%,23%,13%,24%,3%,4.52%,7.13%,0.6334
887,4%,28%,20%,11%,26%,11%,3.86%,5.65%,0.6820
888,2%,0%,3%,66%,1%,28%,2.59%,8.45%,0.3064
889,6%,40%,1%,24%,3%,26%,2.30%,3.55%,0.6485
890,14%,29%,18%,8%,29%,2%,4.23%,6.14%,0.6879
891,11%,35%,25%,26%,2%,1%,3.71%,7.56%,0.4901
892,81%,17%,0%,0%,0%,2%,5.16%,17.19%,0.2999
893,8%,10%,61%,20%,1%,0%,5.45%,13.60%,0.4009
894,15%,39%,7%,0%,28%,11%,3.60%,5.16%,0.6969
895,15%,8%,14%,50%,9%,4%,3.78%,7.99%,0.4732
896,57%,14%,5%,2%,18%,4%,5.01%,12.34%,0.4060
897,9%,0%,37%,47%,2%,5%,4.51%,11.48%,0.3926
898,3%,0%,18%,43%,12%,24%,3.60%,7.85%,0.4577
899,1%,47%,3%,45%,3%,1%,2.27%,6.17%,0.3677
900,30%,49%,0%,0%,3%,18%,3.05%,7.18%,0.4241
901,13%,33%,15%,18%,3%,18%,3.29%,5.41%,0.6073
902,6%,53%,7%,21%,7%,6%,2.64%,4.41%,0.5985
903,30%,10%,7%,22%,12%,19%,3.97%,6.74%,0.5888
904,14%,18%,0%,50%,3%,15%,2.81%,5.94%,0.4732
905,28%,11%,16%,17%,6%,22%,4.13%,7.30%,0.5654
906,13%,8%,34%,31%,2%,12%,4.40%,9.56%,0.4595
907,4%,2%,31%,24%,18%,21%,4.36%,8.28%,0.5263
908,13%,3%,1%,48%,26%,9%,3.58%,6.31%,0.5669
909,30%,27%,25%,18%,0%,0%,4.41%,9.06%,0.4862
910,5%,0%,53%,4%,10%,28%,5.17%,10.83%,0.4773
911,4%,29%,7%,42%,12%,6%,2.94%,6.12%,0.4795
912,2%,2%,8%,67%,3%,18%,2.90%,9.19%,0.3149
913,0%,20%,38%,23%,15%,4%,4.37%,9.40%,0.4646
914,2%,5%,22%,42%,3%,26%,3.46%,8.33%,0.4149
915,19%,21%,11%,14%,25%,10%,4.03%,5.76%,0.6982
916,6%,3%,41%,15%,28%,7%,5.19%,9.70%,0.5353
917,5%,44%,21%,2%,3%,25%,3.13%,4.99%,0.6276
918,14%,7%,6%,37%,36%,0%,4.09%,6.44%,0.6354
919,26%,37%,16%,16%,4%,1%,3.86%,7.28%,0.5294
920,12%,39%,27%,2%,6%,14%,3.83%,6.60%,0.5796
921,8%,4%,3%,68%,14%,3%,3.21%,8.51%,0.3770
922,8%,53%,6%,3%,14%,16%,2.79%,3.88%,0.7190
923,2%,49%,10%,9%,3%,27%,2.47%,3.62%,0.6826
924,37%,6%,6%,44%,7%,0%,4.18%,8.45%,0.4945
925,4%,16%,7%,39%,18%,16%,3.17%,5.85%,0.5409
926,3%,11%,11%,44%,24%,7%,3.56%,7.17%,0.4957
927,46%,18%,6%,5%,20%,5%,4.68%,10.12%,0.4621
928,27%,13%,17%,4%,5%,34%,4.04%,7.07%,0.5705
929,1%,18%,11%,43%,12%,15%,3.08%,6.83%,0.4503
930,6%,32%,27%,3%,19%,13%,4.02%,6.25%,0.6428
931,32%,22%,5%,4%,6%,31%,3.62%,7.10%,0.5099
932,49%,23%,0%,2%,5%,21%,4.01%,10.49%,0.3818
933,23%,3%,45%,26%,1%,2%,5.32%,11.91%,0.4464
934,23%,19%,4%,20%,33%,1%,4.12%,6.13%,0.6717
935,2%,36%,32%,16%,13%,1%,3.97%,7.76%,0.5116
936,18%,50%,18%,5%,5%,4%,3.55%,6.33%,0.5600
937,18%,14%,22%,45%,1%,0%,4.01%,8.94%,0.4482
938,39%,7%,12%,25%,8%,9%,4.49%,8.85%,0.5074
939,31%,20%,19%,9%,0%,21%,4.14%,8.12%,0.5094
940,56%,2%,3%,3%,1%,35%,4.43%,11.76%,0.3764
941,10%,7%,28%,15%,14%,26%,4.26%,7.15%,0.5957
942,2%,2%,17%,40%,27%,12%,3.93%,7.76%,0.5066
943,30%,1%,32%,6%,8%,23%,5.07%,9.59%,0.5279
944,12%,16%,18%,40%,6%,8%,3.68%,7.53%,0.4889
945,3%,8%,62%,6%,19%,2%,5.78%,12.73%,0.4542
946,0%,2%,51%,16%,1%,30%,4.65%,11.16%,0.4168
947,16%,42%,36%,5%,1%,0%,4.29%,8.71%,0.4921
948,19%,8%,0%,38%,12%,23%,3.27%,5.16%,0.6338
949,18%,13%,42%,1%,20%,6%,5.36%,9.76%,0.5494
950,2%,3%,32%,32%,15%,16%,4.28%,9.15%,0.4671
951,72%,13%,3%,11%,0%,1%,5.02%,14.93%,0.3363
952,74%,16%,3%,1%,1%,5%,5.07%,15.75%,0.3215
953,10%,0%,11%,43%,19%,17%,3.74%,6.86%,0.5446
954,46%,4%,41%,4%,5%,0%,6.04%,13.40%,0.4506
955,24%,2%,25%,20%,0%,29%,4.30%,8.14%,0.5285
956,6%,7%,13%,67%,4%,3%,3.31%,9.71%,0.3411
957,24%,43%,15%,15%,0%,3%,3.57%,6.91%,0.5164
958,52%,12%,20%,2%,9%,5%,5.30%,12.18%,0.4353
959,13%,8%,42%,30%,3%,4%,4.82%,10.98%,0.4392
960,12%,70%,2%,3%,0%,13%,2.25%,4.64%,0.4835
961,4%,1%,71%,23%,0%,1%,5.82%,15.65%,0.3718
962,23%,11%,47%,1%,15%,3%,5.67%,11.09%,0.5113
963,25%,17%,0%,49%,4%,5%,3.28%,6.58%,0.4983
964,7%,38%,4%,20%,15%,16%,2.84%,3.84%,0.7405
965,11%,20%,21%,19%,12%,17%,3.85%,6.27%,0.6131
966,23%,2%,22%,28%,21%,4%,4.78%,8.24%,0.5798
967,2%,5%,47%,8%,27%,11%,5.26%,10.15%,0.5179
968,29%,42%,21%,2%,4%,2%,4.13%,8.30%,0.4974
969,2%,0%,62%,12%,16%,8%,5.72%,13.10%,0.4365
970,19%,4%,5%,39%,1%,32%,3.22%,5.74%,0.5602
971,23%,14%,22%,2%,7%,32%,4.17%,7.04%,0.5921
972,5%,78%,1%,2%,6%,8%,2.05%,4.24%,0.4835
973,18%,72%,3%,5%,2%,0%,2.60%,5.63%,0.4605
974,32%,5%,2%,23%,20%,18%,4.07%,6.78%,0.5999
975,43%,8%,26%,16%,7%,0%,5.27%,11.09%,0.4753
976,22%,18%,1%,26%,33%,0%,3.96%,5.89%,0.6725
977,5%,35%,43%,0%,13%,4%,4.57%,8.82%,0.5177
978,20%,34%,7%,1%,30%,8%,3.89%,5.93%,0.6554
979,24%,1%,40%,5%,12%,18%,5.34%,10.08%,0.5298
980,5%,1%,21%,38%,3%,32%,3.53%,7.69%,0.4582
981,26%,25%,1%,12%,23%,13%,3.72%,5.98%,0.6209
982,14%,16%,30%,17%,12%,11%,4.43%,7.94%,0.5571
983,46%,10%,19%,15%,6%,4%,5.00%,10.79%,0.4628
984,67%,13%,3%,8%,9%,0%,5.08%,14.01%,0.3621
985,29%,18%,29%,22%,1%,1%,4.66%,9.61%,0.4848
986,14%,41%,13%,3%,1%,28%,3.05%,4.83%,0.6317
987,30%,9%,46%,9%,5%,1%,5.65%,11.97%,0.4721
988,23%,21%,17%,36%,2%,1%,3.91%,7.81%,0.4998
989,8%,52%,11%,24%,2%,3%,2.79%,5.22%,0.5350
990,17%,0%,3%,78%,1%,1%,3.25%,9.47%,0.3434
991,61%,11%,0%,5%,16%,7%,4.89%,12.81%,0.3817
992,32%,33%,17%,14%,3%,1%,4.13%,8.29%,0.4974
993,6%,10%,11%,66%,7%,0%,3.28%,9.31%,0.3522
994,57%,0%,18%,0%,19%,6%,5.75%,13.05%,0.4405
995,33%,2%,39%,20%,1%,5%,5.39%,11.59%,0.4651
996,16%,11%,24%,12%,34%,3%,4.87%,7.46%,0.6517
997,16%,5%,26%,15%,2%,36%,4.05%,7.15%,0.5665
998,10%,18%,32%,2%,13%,25%,4.31%,7.13%,0.6042
999,5%,4%,46%,36%,6%,3%,4.84%,12.03%,0.4022
1000,3%,19%,28%,20%,2%,28%,3.59%,7.17%,0.5003
